user_id,text_id,pred_valence,pred_arousal
3,256,0.6591409,0.7913671
3,257,0.7786965,1.0706167
3,258,0.7647522,1.1516346
3,249,1.0521739,1.0565709
3,250,-0.20880483,0.5591217
7,349,-0.0027156663,0.63063616
7,350,-1.3986355,-0.021078149
10,411,0.841187,0.36728498
10,412,0.32322124,0.17510222
10,413,0.49260727,0.2937448
17,1090,0.9968812,0.6494491
17,1091,1.6061687,0.48601753
17,1092,-0.2672565,0.44666016
17,1093,0.29681444,0.27982238
17,1094,1.73758,0.91888446
17,1095,-0.23014353,0.81481
17,1096,0.73601985,0.7090577
17,1097,0.7266934,0.76718557
17,1098,0.73942393,0.6992635
17,1062,-0.21028826,0.5933553
17,1063,0.7571184,1.3124647
17,1064,-0.42648637,0.81608313
17,1065,1.2610772,0.6687777
17,1066,0.23331605,1.055123
17,1067,1.1623235,0.32275844
17,1068,1.3518262,0.3619472
17,1069,1.3635756,0.33056158
17,1070,-0.22480643,0.5078513
17,1071,0.5923659,0.6550984
17,1072,0.34468126,0.2550274
17,1073,-0.35142547,0.6525755
17,1074,0.5255932,0.4069141
17,1115,-0.6752643,0.16711006
17,1116,-0.54605365,0.8890025
17,1117,0.60513014,0.41665444
17,1118,-0.8080274,0.35265973
17,1119,1.0512452,0.3658445
17,1120,0.63399196,0.47853905
17,1121,0.3898182,0.29126656
17,1122,1.3935614,0.7077058
17,1123,0.33487254,0.20585677
17,1124,1.449516,0.48989803
17,1125,0.6553869,0.7767239
17,1126,1.7724144,0.37772274
17,1127,1.5406563,-0.13274466
17,1128,1.420083,0.55587596
17,1129,1.3367567,0.52988404
17,1130,0.9063294,0.19337891
17,1131,0.93083644,0.552972
17,1132,1.1290754,0.26925153
17,1133,1.3158772,0.3167118
17,1134,1.0577642,0.48576194
17,1135,-0.24240613,0.55932873
17,1136,1.0868406,0.73407966
17,1137,1.6587517,0.13163905
17,1138,1.1077852,0.4458557
17,1139,0.026780184,0.7756297
17,1099,0.642892,0.45148432
17,1100,0.60765564,0.40251702
17,1101,-0.5759835,0.49583125
17,1102,0.15006378,-0.26131833
17,1103,-0.79281265,0.026543459
17,1104,1.3493993,0.15973417
17,1105,1.6158582,0.08741249
17,1106,1.3892012,-0.032732762
17,1107,-0.6799429,0.031414993
17,1108,0.8438251,0.18858807
17,1109,1.0256075,0.46296933
17,1110,0.8086469,0.15973596
17,1111,0.65109634,0.3918351
17,1112,0.88573015,0.6693242
17,1113,0.25729498,0.16571188
17,1114,0.74157333,1.0264394
17,1155,1.1751587,0.39749253
17,1156,0.8283675,0.79466754
17,1157,0.5569986,0.50199395
17,1158,2.1424756,0.3754511
17,1159,1.6038464,0.3254671
17,1160,-0.21492383,0.35456938
17,1161,-0.9448446,0.4437557
17,1162,-0.71181446,-0.06464684
17,1163,0.6915403,0.21578588
17,1164,1.8395468,0.13696583
17,1165,-0.1840883,0.47282696
17,1166,0.7484486,0.49391013
17,1167,-0.104220144,-0.1208525
17,1168,1.3161272,0.8116992
17,1169,1.3267071,0.4575817
17,1170,-0.005645443,0.6097596
17,1171,0.31062514,0.63851255
17,1172,-0.158043,-0.009125
17,1173,0.79735225,0.85807735
17,1174,1.418018,0.5589258
17,1175,0.6256311,0.43431264
17,1176,0.13814153,0.31093317
17,1177,-0.5129464,0.49817038
17,1178,-0.30679202,0.27158314
17,1179,1.2118433,0.48206592
17,1180,-0.5529691,0.9247524
17,1181,1.1800992,0.74795884
17,1140,-0.642478,0.60817116
17,1141,0.6601757,0.64745015
17,1142,1.0676417,1.1426364
17,1143,0.19542058,0.75844544
17,1144,0.023007188,0.74770457
17,1145,1.0169104,0.73228705
17,1146,-0.5823026,0.06449131
17,1147,-0.5764345,0.27852857
17,1148,0.20911333,0.82129043
17,1149,1.6903169,0.5116892
17,1150,-1.1965936,0.3240134
17,1151,0.1982007,0.6025407
17,1152,1.306276,0.3524338
17,1153,0.87122715,0.4930839
17,1154,0.7050717,0.27275223
18,1302,1.7133063,0.77544683
18,1303,1.4724703,0.43802187
18,1304,1.3383975,0.28782564
18,1286,1.5759124,0.64923304
18,1287,1.6828883,0.51871413
18,1288,1.5412922,0.626196
18,1289,1.9749482,0.9953044
18,1290,1.7808292,0.80684686
18,1291,1.6739448,0.6266179
19,1313,-0.4141849,1.6460305
19,1314,-0.41847086,0.76410264
19,1315,-0.6262732,0.6760029
19,1316,-0.4701718,0.57558244
20,1319,-0.52182925,0.60663056
20,1320,0.30381227,0.93384796
23,1348,0.52902454,0.8078324
23,1336,0.91684806,0.66217583
23,1337,-0.9326607,0.7053308
23,1338,-0.40225756,-0.19783896
23,1339,0.016872268,0.5392243
23,1340,0.10865504,0.7047842
24,1415,-0.45747608,0.56975573
24,1416,-0.38202733,0.6724332
24,1417,0.18041977,0.69617134
24,1418,-0.47781965,0.68374676
25,1490,0.69340765,0.9135501
25,1491,0.5636626,1.2263867
33,2209,-0.81915873,0.28484812
33,2210,-0.9033175,0.07132504
33,2211,-1.5649288,0.026484272
33,2212,-1.3304161,0.13714416
33,2213,-1.563915,0.045339026
33,2214,-0.6950929,1.2116145
33,2215,-1.4293333,0.33180767
33,2176,0.109038904,0.36380237
33,2177,0.43803447,0.29323202
33,2178,1.3784842,0.38475722
33,2179,0.27738783,0.5448664
33,2180,-1.4590604,-0.024802411
33,2181,-0.5513563,0.2928295
33,2182,-0.76772946,1.1507256
33,2183,-0.874338,1.1143881
33,2184,-0.96948254,0.9587669
33,2185,-0.9310585,0.33772653
33,2186,-0.9431156,0.31962162
33,2187,-1.0463704,0.28206348
33,2188,-1.1753389,-0.0051357467
33,2189,-1.2501228,0.4025929
33,2190,-1.2504591,0.4420836
33,2191,0.07227517,0.42109185
33,2192,-0.7159619,0.9245547
33,2233,-0.6804447,0.8608832
33,2234,-0.9176871,0.41908026
33,2235,-0.10736178,0.5897079
33,2236,-1.0861666,0.31817248
33,2237,-0.98280346,0.41682696
33,2238,-0.9602401,0.4225779
33,2239,-1.3653464,0.34652346
33,2240,-0.82135546,0.5172109
33,2241,-0.70115495,0.24109982
33,2242,-1.3028603,0.40395093
33,2243,-0.14215666,0.46442476
33,2244,-0.45295537,0.28341544
33,2245,-0.553259,1.2488112
33,2246,-1.1496983,0.8256416
33,2247,-1.1708313,0.89593834
33,2248,-0.5557598,0.23827438
33,2249,-0.24148525,0.18824138
33,2250,-0.20481122,0.7423059
33,2251,-1.1347833,0.3097273
33,2252,-0.91302735,0.6419649
33,2253,-0.9477529,0.4365191
33,2254,-1.2549667,0.41128102
33,2255,-0.73499256,0.9119082
33,2256,-0.75478077,0.8021396
33,2216,-0.9431755,0.43028647
33,2217,-0.67978376,0.95943296
33,2218,-0.13778736,-0.010585001
33,2219,-0.809116,1.0533093
33,2220,-0.7953008,0.89602715
33,2221,-0.85940385,0.7155212
33,2222,-0.54972583,1.0541254
33,2223,-0.8038964,0.5618625
33,2224,-0.6078001,1.0307496
33,2225,-1.0743215,0.5613882
33,2226,-1.0666852,0.8967891
33,2227,-1.3653464,0.34652346
33,2228,-0.9344524,0.42653584
33,2229,-0.8259153,0.6483327
33,2230,-0.7860889,0.8111087
33,2231,-0.80048007,0.8014216
33,2232,-1.3207304,0.214611
33,2272,-1.1152918,0.31320083
33,2273,-1.1980067,0.47415304
33,2274,-1.0846658,0.5635055
33,2275,-0.8467716,0.74230814
33,2276,-0.78984594,0.81941086
33,2277,-1.364197,0.49561763
33,2278,-0.8479582,0.2217773
33,2279,-0.82135546,0.5172109
33,2280,-0.56219625,1.0465616
33,2281,-1.085532,0.32511127
33,2282,-0.04966771,0.18795131
33,2283,-0.9340947,-0.055317022
33,2284,-1.4612162,0.11236199
33,2285,-1.1468724,0.5135522
33,2286,-1.0804248,0.32842016
33,2287,-0.91444373,-0.051472045
33,2288,-0.8463994,0.6015418
33,2289,-0.87212515,-0.053937748
33,2290,-0.3099152,0.18284616
33,2291,-1.3478532,0.34540462
33,2292,-0.7271236,-0.05352234
33,2293,-1.0772399,0.6263352
33,2294,-1.3977065,-0.07567333
33,2295,-1.3266706,0.32378632
33,2296,-1.3380618,0.107582375
33,2297,-1.6645648,0.09684494
33,2298,-1.4244584,0.37269348
33,2257,-1.6299448,0.10732638
33,2258,-1.3386307,0.102198705
33,2259,-1.4483097,0.32920885
33,2260,-1.2931657,0.10547983
33,2261,-1.5313823,0.06205506
33,2262,-1.3267839,0.097615086
33,2263,-1.0349598,0.44318482
33,2264,-0.6432378,0.58398646
33,2265,-1.2010393,0.10000833
33,2266,-0.6214981,0.24791534
33,2267,-0.68409085,1.4669763
33,2268,-1.0854356,0.23612307
33,2269,-0.75507426,-0.0152848605
33,2270,-1.5539093,-0.013712646
33,2271,-0.76198184,0.6416912
34,2367,-1.0412936,0.4789741
35,2410,0.22369006,1.1292955
35,2411,0.8019018,0.79644173
42,3830,1.3001368,0.33247924
42,3831,0.8648196,0.74541634
42,3832,-2.0241556,3.4876604
42,3833,1.6528832,0.59235257
43,3994,-0.19758338,0.42826802
43,3995,-0.5468873,0.36912656
43,3988,-0.10119752,0.38406396
43,3989,-0.5417387,0.9942933
54,3540,1.3765411,0.6395731
54,3644,1.3607758,1.1807489
54,3725,1.841813,1.1220406
54,3834,1.2382798,0.76987165
54,3913,1.0446545,0.8548201
54,4016,0.7889674,1.2028676
54,4077,1.0494672,1.324686
54,4164,1.9803628,0.87827617
54,4228,1.5094543,0.8653894
60,2588,1.7724078,-0.026560688
60,2599,1.9995135,0.14526102
60,2610,1.3478397,0.85873884
60,2621,1.1197792,0.46012348
60,2632,2.001584,0.17462017
60,2643,2.4585814,0.17993565
60,2655,2.2914226,0.5318165
60,2666,0.04944798,0.2821511
60,2870,2.2132885,0.5729765
60,2881,1.5074034,0.32788628
60,2891,1.6991122,0.33158767
60,2900,2.1188283,0.45455217
60,2911,2.4800467,0.14490174
60,2922,2.1316767,0.29229808
60,2933,2.0721028,0.49500373
60,2940,1.9161015,0.4106682
60,2942,1.4424771,0.17802893
60,2952,2.1437883,0.4652872
60,2953,1.359901,0.21945094
60,2959,1.6574028,0.10905288
61,3069,0.026433196,1.1909835
61,3080,0.6156941,1.5570956
61,3091,-0.41570812,1.1686648
61,3102,-0.6784202,0.8539457
61,3113,0.43659464,0.088021934
61,3124,-0.3882499,1.0425909
61,3136,0.84210384,0.43496934
61,3146,0.16359255,1.0623924
61,3157,-1.0989417,0.7305198
61,3168,1.3697741,0.94756645
64,4710,1.8616854,0.53663045
64,4711,1.0743022,0.58849937
64,4712,0.9891566,1.3742396
64,4713,1.4441274,0.6277919
64,4714,0.781512,1.3032329
64,4716,1.5927204,1.3019284
64,4717,1.2474025,0.44648063
64,4718,1.4912555,0.80641454
64,4719,1.1835465,0.852047
64,4733,1.9051099,1.068151
64,4734,1.0541878,0.7299832
64,4735,0.8125222,0.77471995
64,4736,0.9406134,0.50533617
64,4737,1.8386294,0.7137955
64,4738,2.013108,0.93063325
64,4740,0.030622456,1.041667
64,4741,0.61864763,0.4589384
64,4742,1.5052308,0.6824296
64,4743,1.6538402,1.0488849
67,4806,0.25183108,0.32117334
67,4807,-1.237211,-0.004844101
67,4808,0.28137755,0.732562
67,4809,0.2991072,0.5846024
67,4810,-1.056207,0.018543152
67,4811,0.28159302,0.98217
67,4812,0.24403024,0.53720385
67,4813,0.3644126,0.7936154
67,4815,-1.1470485,0.07009469
73,5022,-0.1366651,1.149561
73,5023,-1.6295191,0.08910158
73,5024,-0.81844795,0.7829912
73,5025,-1.9522331,0.48250216
73,5026,-1.3225658,0.14769973
73,5027,0.47280255,1.6869967
73,5028,-1.351295,0.9611443
73,5029,-2.0852306,0.5479958
75,5062,-1.5657637,0.23224752
75,5063,-1.2500575,0.020534394
75,5064,-1.2881792,0.114072464
75,5065,-1.6573148,0.21843018
75,5066,-1.5120258,-0.010800393
75,5067,0.10301107,0.21874715
75,5068,-1.2632985,0.08574094
75,5069,-0.30254245,0.5718974
75,5070,1.3123109,0.085064776
75,5071,1.2760822,0.09748801
75,5072,0.7864722,0.2560987
75,5073,0.24201944,1.4060891
75,5074,-1.6139139,0.0026838165
75,5075,-1.4890237,0.07099619
75,5076,-0.16347371,0.38512382
80,5193,0.08556592,0.99844635
80,5194,0.157859,1.5161487
80,5195,-1.2931347,0.8288697
80,5196,-1.1028266,0.78262645
80,5197,0.7114849,1.9208411
80,5198,0.9352935,1.4903431
80,5199,-0.38417596,1.2606156
80,5200,0.25549603,0.96766275
80,5201,0.6754626,0.7699106
80,5202,0.5774426,0.6506973
80,5203,0.4320017,1.0149091
80,5204,0.2534912,1.0449044
80,5205,0.808458,1.3957466
80,5206,0.3136487,1.39508
89,571,1.4959259,1.133307
89,572,-0.91414094,0.44319266
89,573,-1.0000352,0.5301325
89,574,0.8781168,1.4096216
89,579,0.16250367,1.5574094
89,580,-1.2063844,0.3942539
89,581,-1.0266187,0.52811396
89,582,-0.7287043,1.2198561
89,583,-0.141319,0.8843005
89,584,-1.431284,0.23509093
89,585,0.3720842,1.5576743
89,586,-1.265372,0.54763174
89,587,-0.10062603,0.8485994
94,970,0.70474803,0.75292796
94,971,-1.6111885,0.3450696
94,1182,0.7843321,0.8663446
94,1183,-1.5574747,0.9507749
94,1184,0.4422969,0.8991769
94,1185,-0.37994128,0.95829046
94,1186,-0.32245535,1.6839093
94,1187,1.0392911,0.010295188
94,1188,0.38434356,0.84115136
94,1189,-0.004726444,0.72653276
94,1190,1.4290109,1.3176001
94,1191,1.3609185,0.9718904
94,1192,-0.8975861,0.82872355
94,1193,1.2140217,1.1841351
94,1194,0.97133744,0.92532367
99,1390,-0.76867306,0.5114279
99,1391,-1.018542,0.7376688
99,1392,0.9504915,0.91747105
99,1393,-0.7761487,0.65315366
99,1394,0.33515275,1.034296
99,1395,0.36767304,1.120375
99,1396,-0.44901025,0.9857081
99,1397,-1.2671368,0.11620889
99,1398,-1.6585641,0.085707314
99,1399,-0.46349967,1.2164853
99,1400,-1.2098726,0.045735404
99,1401,-0.4543769,1.2655741
99,1402,0.21153305,0.83807164
99,1403,0.61365104,0.62246007
105,1796,0.0033231373,0.986165
105,1798,-1.1465828,0.42434725
105,1799,-1.5615649,0.11042562
105,1800,-1.2129047,0.68543345
105,1801,-0.23186377,0.17541927
105,1802,-1.9329362,0.023239633
105,1803,-0.80368596,-0.20913209
105,1815,-0.9959234,1.1527004
105,1816,-1.8968508,0.039156005
105,1817,-0.7826174,1.3255564
105,1818,-1.260263,0.66309506
105,1820,-0.67206573,0.53101265
105,1821,-1.7079194,0.2628784
106,1832,-0.84645236,1.2175142
106,1833,-0.5974622,0.7921952
106,1834,-0.613819,1.9285764
106,1835,-0.7207967,0.22511138
106,1836,0.1827583,1.2413076
106,1837,1.233365,0.7159622
106,1838,-1.3482759,-0.038316853
106,1839,1.1088123,0.60839516
107,1859,-1.6431342,0.24338622
107,1860,-1.534905,0.4352749
107,1861,-0.22716373,1.4991462
107,1863,0.25513926,0.84383756
107,1864,-1.0730345,0.69555
107,1865,-0.630755,0.9968573
107,1866,-1.9317905,0.47492146
107,1867,-1.7074113,0.39125726
107,1868,-1.40291,0.69310415
107,1869,0.09126683,1.3778952
107,1870,0.6604514,1.0700964
107,1871,-1.6936874,0.09533624
107,1872,-0.32772723,0.8600368
107,1874,-0.8192203,1.5969694
107,1875,-1.4905193,0.554683
107,1876,-0.50576174,1.2699517
107,1877,-1.4656242,0.6158888
119,2478,0.50955415,1.0044831
119,2479,1.1009797,0.71390617
119,2480,-0.075338356,0.90303105
119,2481,-1.0256908,1.0275797
119,2483,-0.6439125,0.26626754
120,2510,1.7718097,0.2729416
120,2511,-0.48258418,0.39224136
120,2513,1.1108065,0.47530228
120,2514,-0.77522504,-0.028937062
120,2515,-1.4517393,0.115880676
120,2516,1.2418375,1.2742586
120,2517,-0.46901888,-0.027326005
120,2518,-1.7298355,-0.020685652
120,2519,-1.3382,0.89398634
120,2520,-1.6793222,0.4323519
120,2521,0.62330204,0.47395915
120,2522,1.3324583,0.046546772
122,2601,0.3571962,0.81652427
122,2602,0.48539382,0.61716396
122,2603,1.3690178,0.55733335
122,2604,0.24023384,1.146511
122,2605,1.2038425,0.5663461
122,2606,0.91425467,0.6713602
122,2607,1.5772319,0.97611004
122,2608,0.33138692,1.1759583
122,2609,0.3581715,1.4962192
122,2611,0.5087161,0.82392937
122,2612,-0.21919987,0.8211995
122,2613,1.4152427,0.73513657
127,2926,1.1625377,1.1753914
127,2927,1.3915284,1.4570411
127,2928,-0.07725288,1.583881
127,2929,1.0897291,1.4288691
127,2930,0.16811283,1.3615865
127,2931,-0.62819624,2.2056992
127,2932,1.6738836,0.9125935
127,2934,1.2990456,0.5489672
127,2935,-0.19307515,1.1600015
127,2936,-0.62819624,2.2056992
127,2937,1.1704068,0.85554445
127,2938,-0.42957446,1.227537
127,2939,1.490607,1.6777043
133,3110,1.0458118,0.90569407
133,3111,1.2430625,1.0769701
133,3112,1.249385,0.9921393
133,3114,0.22109097,0.48323277
133,3115,1.0282371,1.0194744
133,3116,1.0040128,1.0123256
133,3117,1.3395102,0.99958515
133,3118,1.1937381,1.0268909
133,3119,-0.34581012,0.68847877
133,3120,1.1377436,1.1320177
133,3121,0.43267167,0.83651805
134,3139,0.4703055,1.4780561
134,3140,0.9995465,1.1008382
134,3141,-1.7368878,0.38355625
134,3142,-1.2862093,1.3456645
134,3143,-1.1157339,0.8527755
134,3144,-1.9926453,0.3485431
134,3145,-0.6246085,0.86256486
134,3147,-1.0401232,0.48557895
134,3148,-1.5102105,0.6680109
134,3149,-0.877787,0.49650007
134,3150,-1.6076205,0.8894113
134,3151,-0.65906465,0.72257227
134,3152,-1.5983356,0.46673405
139,3509,1.2965021,0.843458
139,3510,1.1899633,1.4190279
139,3511,1.495065,0.8553857
139,3512,1.4284699,1.323816
139,3513,0.31538376,0.87876076
139,3515,1.309024,0.75034654
139,3516,1.2162287,0.70963275
139,3517,1.4863124,1.4953574
139,3518,1.5251886,0.72574633
139,3519,1.3261365,0.8682671
139,3520,0.9318687,1.004635
139,3521,-0.12638351,1.2404326
139,3522,-0.86786765,0.8687598
139,3523,-0.032729488,1.0995231
139,3524,-1.0311657,1.2035788
139,3526,0.4836886,1.0398926
139,3527,1.1574012,0.54780203
139,3528,1.1953335,1.1150762
139,3529,0.94301134,1.0741223
140,3554,-0.02828911,0.64660054
140,3555,-0.47439516,0.3324573
140,3556,0.94291043,0.69217706
140,3557,-1.5727761,0.20690909
140,3558,1.5421597,0.53787833
140,3559,1.0191809,0.635157
140,3560,1.12302,0.5111277
140,3561,1.1154808,0.2692306
140,3562,-1.2809894,3.4732744e-05
140,3564,0.38533092,0.78621864
140,3565,1.0187653,0.8832663
140,3566,0.85051167,0.3942612
140,3567,0.58290637,0.19964506
140,3568,1.273669,0.20345779
140,3569,1.3021407,0.69478804
140,3570,0.3546692,0.930515
140,3571,1.1888771,0.57344437
145,3696,-0.41526592,0.7626303
145,3698,0.5832811,1.1922002
145,3699,-1.1777854,0.02439368
145,3700,-1.6791797,1.0781848
145,3701,0.65381753,1.1340139
145,3702,0.44175786,1.8639437
147,3752,-0.33063355,0.7593956
147,3753,1.3851005,0.9304305
147,3754,0.26572818,1.3647336
147,3755,0.94256777,0.5717173
147,3756,0.8278104,0.7706246
147,3757,0.645561,1.1360394
147,3758,-0.089035794,1.1154697
147,3759,0.05104905,0.89971685
147,3760,-1.3171347,0.07294004
147,3761,0.35508248,1.2968701
147,3762,0.7137902,1.3191749
147,3763,1.5784128,0.3677975
147,3764,0.6577029,0.92010075
147,3765,-0.9741076,0.61101156
147,3766,0.7531544,1.3592709
147,3767,-0.22716114,0.71983105
147,3768,-0.2929236,0.6803457
147,3769,0.29698962,1.3612044
147,3770,-0.35761926,0.63732356
147,3771,0.5468554,1.0415436
147,3772,0.43290997,0.38940865
152,3876,1.2141832,0.48095816
152,3877,0.92192686,0.2379132
152,3878,1.6672604,0.55100024
152,3879,1.4005599,0.6379835
152,3880,1.2860556,0.71364766
152,3881,0.998446,0.68389016
152,3882,0.7956809,1.0845397
155,3950,-1.0774933,1.0258874
155,3951,-0.81233865,0.47962165
155,3952,-1.2987305,1.5210525
155,3953,0.153938,1.6293916
155,3954,-0.04452816,0.44465435
155,3955,-1.315713,0.071608484
155,3956,0.20629758,1.2032998
155,3957,-0.12835076,0.79422915
155,3958,0.26220807,0.5312552
155,3959,-1.0667322,0.19106585
155,3960,-0.7791605,0.25179625
155,3961,-0.8390319,0.53126496
164,4196,-0.7081866,0.32345778
164,4197,1.0512589,0.7182669
164,4198,0.67668664,0.6354762
164,4199,1.2319124,0.87708884
164,4200,-0.093798354,0.420218
164,4201,0.59470165,0.6236524
164,4202,-0.12665132,0.61578983
164,4203,1.5103436,0.63826704
164,4204,-0.03695474,0.6259772
168,4270,1.3871489,0.89809704
168,4271,0.66038185,1.022556
168,4272,0.058769982,0.9462454
168,4273,1.5668497,0.59043473
168,4274,0.4576022,0.42451298
168,4275,1.4912714,0.6090387
168,4276,1.5451653,0.36710608
168,4277,0.9048735,0.9308215
168,4278,1.3345767,0.48160467
168,4279,1.4150288,1.1707926
168,4280,1.7767072,0.50822395
168,4281,1.3924179,0.56547385
168,4282,1.8363011,0.79655343
168,4283,1.3731507,-0.037632875
168,4284,0.5020335,0.47947773
168,4285,1.1235782,0.05145368
169,716,-0.13992535,1.2705375
169,717,-2.0105674,0.07387987
169,718,-0.576759,0.6580989
169,719,-0.60386354,0.78004885
169,720,-1.4081204,1.3755966
169,721,-1.9628012,0.014999984
169,722,-1.7100964,0.16765295
169,726,-1.5925606,0.38382
169,727,-2.104259,0.08674423
169,728,-0.3995836,0.64258856
169,729,-1.8121066,0.024226537
169,730,-0.6694081,0.5324356
169,731,-0.24941736,1.1561886
169,732,0.08827028,0.37705737
169,733,-0.000534263,0.73077077
169,734,-1.5468056,0.28712112
169,735,-1.7993463,-0.0034515057
169,736,0.0070095914,1.2831686
169,737,-1.8320787,-0.023535023
169,738,-0.084998034,1.1123911
169,739,-1.4325724,0.034122832
169,740,-1.430479,0.08735268
169,741,-0.15063615,1.2134789
169,742,-0.8308072,0.18944317
169,743,-1.7590153,0.098956615
169,744,-0.48267674,0.7695686
169,745,-1.6129907,0.05834286
169,746,-1.5297998,0.24585508
169,747,-0.4037171,0.54245895
169,748,-0.22789009,0.6730909
169,749,-1.3389189,0.04400877
169,750,-0.75797176,0.5405026
169,751,0.0213238,0.74744135
169,752,-1.8196914,0.046048634
169,753,-1.5448072,0.26067266
169,754,-1.5053833,0.25367144
169,755,-1.1058054,0.35483962
169,756,-2.1329744,0.0097686555
170,4343,-0.13468733,1.4570633
170,4344,0.11039811,1.4389235
170,4345,-0.14748542,0.65220016
170,4346,-1.0823017,0.41081238
170,4347,-0.122469015,1.1933937
170,4348,-1.0670152,0.39543152
170,4349,-0.69824743,1.0451365
170,4350,0.7829087,1.3051304
170,4351,0.34676647,1.4840975
170,4352,-1.3223643,1.1663214
170,4353,0.9990985,1.1092027
170,4354,-0.08968311,0.92405254
170,4355,1.2069325,1.3623244
170,4356,-0.8818269,1.1454991
170,4357,-0.032425936,1.2297268
170,4358,0.7624313,0.8418214
171,4380,0.9776317,1.8088881
171,4381,-0.29235327,0.5646202
171,4382,0.54925394,0.902024
171,4383,0.80882275,1.5340921
171,4384,-1.0652751,0.28752607
171,4385,1.2057164,0.5048533
171,4386,1.0530235,0.56146157
171,4387,1.4828367,0.8014129
171,4388,-1.0500255,0.37482563
171,4389,-0.8406782,0.88675636
171,4390,1.3130085,0.76950324
171,4391,0.35911903,0.44515532
171,4392,0.87490463,0.79210645
171,4393,-0.90585726,0.36785305
171,4394,-0.76782835,0.49471572
171,4395,0.7684383,1.5660106
171,4396,-0.17265213,0.8070801
171,4397,1.3915768,1.0144976
171,4398,-0.9558535,0.79409224
171,4399,0.71562886,1.6188706
171,4400,0.4497081,0.4239682
49,4873,-0.124829166,1.6107475
49,4874,-0.21931632,0.56490237
49,4875,0.03162607,0.8715051
49,4876,-0.43879858,0.4761875
49,4878,-1.4034269,0.032067887
49,4879,0.18776324,1.583633
49,4880,-0.9195709,0.25117236
49,4881,-0.08849009,0.8685349
49,4882,1.6000149,1.0868057
49,4883,0.316324,1.0424818
49,4884,0.47185618,1.1305321
49,4885,0.40764147,1.3353984
49,4877,-0.08849009,0.8685349
49,4887,-0.31595975,0.5760278
49,4888,-1.5026202,0.0033021104
49,4889,-0.3729421,0.7437665
49,4890,-0.6071657,0.6329629
49,4891,-0.24892792,0.9172218
49,4892,-0.81337786,0.5479434
49,4893,-0.87384695,0.49687642
49,4886,-0.8353912,0.5282911
49,4905,-1.1301727,0.2493213
49,4906,-0.44972658,0.53566605
49,4907,0.24826656,1.6615748
49,4908,-0.4803853,1.3194035
49,4909,0.6428262,1.7121598
49,4910,-0.28771156,0.8384869
49,4911,-0.27836978,0.72173697
49,4912,-1.0755417,0.5788261
49,4913,0.49286053,0.9795634
49,4914,0.50660986,1.8432263
49,4915,-0.21684305,0.83728504
49,4916,-0.92134863,0.25771856
49,4917,-1.126895,0.16170289
49,4918,0.0824989,1.1427346
49,4919,0.23696393,1.5786663
49,4920,0.41612884,1.2735825
49,4894,0.2654877,1.174586
49,4895,-0.8585504,0.526496
49,4896,-0.7001563,0.37705332
49,4897,0.6924621,1.0814651
49,4898,-1.539201,0.13493788
49,4899,0.5372056,2.0111876
49,4900,0.43046278,1.9575458
49,4901,0.29239786,1.4131805
49,4902,0.22189707,0.8072343
49,4903,0.32895252,1.588492
49,4904,-0.9834091,0.24402392
49,4932,1.195307,1.6303095
49,4933,-0.45683247,0.71788317
49,4934,0.75530887,0.7712037
49,4935,0.49177897,1.9193661
49,4936,0.7410656,1.5679324
49,4937,-0.61703485,1.392958
49,4938,-1.1381621,0.2505408
49,4939,-0.56998205,0.6074685
49,4940,0.07391584,0.9405981
49,4941,-1.4827428,0.04471177
49,4942,-1.2929621,0.25516286
49,4943,-0.4361241,0.7820187
49,4944,0.023890488,0.9236541
49,4945,-0.79005474,0.53593826
49,4946,-0.09986202,0.84234816
49,4947,0.11677193,1.115939
49,4948,0.07683269,1.2576896
49,4949,0.30292735,1.8341416
49,4950,0.31905216,1.3099151
49,4951,0.0854388,1.8042083
49,4952,-1.4098656,0.06033677
49,4953,-0.019630346,1.5272406
49,4954,-1.5544176,0.013711674
49,4921,-1.4482766,0.054009967
49,4922,-0.3506179,0.9712622
49,4923,0.15940547,1.1646985
49,4924,-0.38322645,0.76548153
49,4925,-1.5190729,0.41520277
49,4926,-0.30613267,1.150722
49,4927,0.09185573,0.98226464
49,4928,0.05911303,1.0204269
49,4929,0.6109936,0.34907374
49,4930,-0.38322645,0.76548153
49,4931,-1.4085991,0.2634635
53,5224,1.1553586,1.5873029
53,5225,1.3429623,1.4988645
53,5226,-1.1357476,0.29436845
53,5227,0.54317886,1.6583134
53,5228,1.5084777,0.9004086
53,5229,1.0669346,0.4943247
53,5245,0.43437207,0.4039197
53,5246,1.3998522,0.68704814
53,5247,1.2495421,1.0714405
53,5248,-0.11260929,0.34226313
53,5249,1.6054008,0.6317311
53,5250,1.1318287,0.84209085
53,5251,-0.9756098,0.043233752
53,5252,0.37347654,1.7743849
53,5253,0.7729049,0.70142466
53,5254,1.4931105,0.52141863
53,5255,0.30347866,0.6944153
53,5256,1.6818423,1.0886736
53,5257,1.7832313,1.1197532
53,5258,0.91519165,1.5860829
53,5259,1.6345689,1.2864171
53,5260,1.8547355,1.15294
53,5261,1.8547355,1.15294
53,5262,1.5120132,0.5844821
53,5263,1.3199413,0.4511069
53,5230,-0.14841078,0.06729556
53,5231,0.7003844,1.0697848
53,5232,0.7669985,0.80695146
53,5233,-0.74638176,0.4862176
53,5234,-0.10539906,1.3889729
53,5235,1.1684269,0.85452753
53,5236,-0.11260929,0.34226313
53,5237,-0.48334977,0.2797984
53,5238,-1.4401486,0.043148756
53,5239,1.2809986,1.2332591
53,5240,1.6368554,0.57735884
53,5241,1.267579,1.7355142
53,5242,-0.45617303,0.29634407
53,5243,-1.0115951,0.27803227
53,5244,1.4702213,0.61956924
70,4840,1.3113668,0.8726839
70,4841,1.2091305,0.95196384
70,4842,-0.38435078,0.13340324
70,4843,1.2033879,0.15951653
70,4844,1.2028351,1.1921827
70,4845,0.93691367,0.9077098
70,4846,0.36521178,0.33437562
70,4847,1.1921043,1.0393223
70,4848,1.2998161,0.7696226
70,4849,0.8351461,0.8252867
70,4851,1.4583262,0.75160664
70,4852,1.4323244,0.8785295
70,4853,-0.33154818,0.9721434
70,4854,0.9171027,1.042868
70,4855,0.78795576,0.7397192
70,4856,0.8698188,1.2353519
70,4857,0.4846355,1.4211657
70,4858,1.0354234,0.78446126
70,4859,1.1746429,0.81996346
70,4860,-0.35424143,1.3731697
70,4861,0.4533619,1.2597144
70,4862,1.0856476,0.71522033
70,4863,0.49085352,0.23551993
70,4864,0.8821785,0.8454049
70,4865,0.819632,0.60451335
70,4866,0.9644296,0.84196824
70,4867,0.5479113,0.71556526
70,4868,0.67110455,0.5408728
70,4869,0.42183837,1.6201918
70,4870,-0.22198763,0.7377297
70,4871,0.1547442,0.652238
70,4872,0.39974982,1.0532172
70,4955,0.79002404,1.1016574
70,4956,0.34321472,0.4878685
70,4957,1.3877296,0.4787255
70,4958,1.0716383,1.1943257
70,4959,-0.29886466,-0.02254202
110,1929,0.8628806,0.23804015
110,1937,1.0415967,0.44411746
110,1939,0.81534505,1.3050444
110,1946,0.49619246,2.033439
110,1948,-1.2043126,0.1498243
110,1949,0.79263,1.2129337
110,1950,0.7558402,1.0132813
110,1955,1.2881243,1.6025666
110,1956,1.4239569,1.3009619
110,1958,0.7281964,1.0874411
110,1959,1.2924855,0.21900643
110,1960,-1.2419925,0.112885065
110,1967,1.4146852,0.6820628
110,1971,1.2860826,1.0442605
110,1930,0.16642782,0.35460225
110,1931,0.008389853,0.6665775
110,1933,-1.3835592,0.16318654
110,1934,0.7091084,1.4147924
110,1935,0.04917143,0.7549018
110,1936,-0.3537351,0.6697971
110,1938,1.0825822,0.8059839
110,1940,0.6858777,1.4924284
110,1941,0.29377875,0.82608646
110,1942,-1.530865,0.49683473
110,1944,1.0228369,1.350671
110,1945,-0.0708263,1.6936325
110,1947,0.63527334,0.5684405
110,1951,0.44974238,1.6392782
110,1952,-1.4374163,0.72534615
110,1953,1.3410006,0.44913983
110,1957,-1.6145954,0.021900145
110,1965,-0.78317356,0.32007813
110,1966,0.79084015,0.7477016
110,1968,0.7361894,0.7878184
110,1970,0.4648598,1.4088876
110,1972,-0.6310278,1.3675984
135,3154,1.2049274,1.2792746
135,3155,1.1774602,0.97217506
135,3156,1.1977648,1.0858763
135,3160,1.548151,0.91067785
135,3161,1.2049274,1.2792746
135,3162,1.1697221,0.4781596
135,3164,0.7302718,0.44709253
135,3167,1.1644877,1.2305696
135,3175,1.1137775,1.2516607
135,3176,1.8215637,1.2112826
135,3178,1.8215637,1.2112826
135,3180,1.1607398,0.59491205
135,3182,1.8215637,1.2112826
135,3187,1.6227645,0.9531315
135,3192,0.9763336,1.5829808
135,3153,0.80426395,1.8578714
135,3158,1.0719522,0.7849534
135,3159,-0.94033813,0.34320423
135,3163,0.71172786,1.7455556
135,3165,0.6732346,2.0509129
135,3166,0.69709784,1.4074385
135,3169,0.7664398,1.4282901
135,3170,1.2305156,1.2881962
135,3171,0.69990486,0.7185006
135,3172,0.59331965,1.1329132
135,3173,0.9960956,1.442434
135,3174,0.76890236,1.320145
135,3177,0.89786756,1.0960065
135,3181,0.9357548,0.95393234
135,3183,1.2672931,1.449858
135,3184,0.86771584,1.3405577
135,3185,0.8527433,1.0722415
135,3186,0.78536016,1.0115286
135,3188,0.602024,0.9125636
135,3189,0.79869944,1.4275045
135,3191,0.8578107,1.1473833
118,2431,-0.73432326,0.091502905
118,2432,-0.27635795,0.28909954
118,2433,0.7376906,0.15993308
118,2434,0.33458906,0.24395591
118,2435,-0.2960948,0.74593097
118,2436,1.2413166,0.6483827
118,2438,0.6905396,0.5144919
118,2439,0.62034184,1.3635671
118,2440,0.2680385,0.7236687
118,2441,0.33635366,0.73974913
118,2442,0.13187873,0.7058448
118,2443,-0.7556381,0.34230095
118,2444,1.0896051,0.4223612
118,2445,1.0080886,1.1654712
118,2446,1.3982431,1.1638798
118,2447,0.62382686,0.27554435
118,2450,0.97394663,0.8506943
118,2451,-0.29271892,0.88406134
118,2452,0.49751776,0.42450222
118,2453,0.7345033,0.65411013
118,2454,-0.16251308,0.31068838
118,2455,0.17123878,1.0331936
118,2456,-0.80353737,0.8200147
118,2457,0.7777009,0.91851735
118,2458,0.34565037,0.49514037
118,2459,-0.17018697,1.0735542
118,2461,-0.21361828,0.48859096
118,2462,1.1976388,0.6290526
118,2463,-0.028226677,0.50992626
118,2464,-1.2965889,0.119776025
118,2465,-0.7853335,0.3648401
118,2466,-0.26597902,1.2976786
118,2467,1.008078,0.7748869
118,2468,-0.13150725,0.43741262
118,2469,-0.07373251,0.031222535
118,2470,-0.41840535,0.6407874
97,1257,-1.4050274,0.55143636
97,1258,1.173464,1.4659054
97,1259,-0.023719609,0.48940933
97,1260,0.22158225,0.4002815
97,1261,1.2128135,1.085323
97,1262,0.28012475,1.1245512
97,1263,-0.23335779,0.9838204
97,1264,0.71656334,1.1806716
97,1265,-0.684157,0.88989645
97,1266,-0.8394285,0.7831156
97,1267,-0.7609199,0.5853425
97,1268,-0.88139236,0.56679624
97,1269,-1.3435097,0.28814113
97,1270,-1.3285632,0.5226852
97,1271,-0.06131043,0.57092535
97,1272,-1.4740751,0.09174813
97,1273,-1.447129,0.13670306
97,1274,-1.1271254,0.36593014
97,1275,-0.13708262,0.8958023
97,1276,-0.8712343,0.37203702
97,1277,-0.93155324,0.3297836
97,1278,-0.72497404,0.45035633
97,1279,-0.6152186,0.50266343
97,1280,-1.0140176,0.4170048
97,1281,0.1443125,0.9051944
97,1282,-1.1814129,0.36777848
97,1283,0.6584108,0.21014099
97,1284,-0.90364784,0.35348356
97,1285,-0.58040094,0.724547
97,1305,-0.81486446,0.6312139
97,1306,-0.21982232,1.1641405
97,1307,-0.271622,0.65232074
115,2326,-1.1945539,0.22359514
115,2327,-0.9140016,0.7769638
115,2328,0.41766667,0.43226275
115,2330,-1.2666179,0.101459
115,2331,0.99552715,0.88876516
115,2332,1.2997321,1.3198285
115,2333,1.0748891,0.79271513
115,2334,1.1725993,1.1934807
115,2335,1.3761666,1.0553252
115,2336,0.9874619,0.82269686
115,2337,1.9805894,0.55138403
115,2338,1.3784641,0.8633105
115,2339,1.2117884,0.7837804
115,2341,1.479392,0.7890699
115,2342,1.3220452,0.68190366
115,2343,1.2383709,0.5388594
115,2344,1.0588182,0.6718563
115,2345,1.5219414,0.9858543
115,2346,2.0686994,1.211218
115,2347,1.1023991,1.2829129
115,2348,1.2655269,0.53012913
115,2349,1.3372272,0.7454613
115,2350,1.0981911,1.2185606
115,2352,1.706923,0.4703616
115,2353,1.598447,1.0213503
115,2354,0.8859718,0.87683505
115,2355,1.2789584,1.0133985
115,2356,1.5370822,1.0036831
115,2357,1.0588182,0.6718563
115,2358,1.3352413,0.76738113
115,2359,1.2779837,0.9232315
115,2360,1.1562215,0.59972805
115,2361,1.241029,0.86388046
112,2007,1.167736,1.2837914
112,2008,0.6154088,0.75578564
112,2009,-1.2328528,0.3243184
112,2010,0.6154088,0.75578564
112,2011,0.6154088,0.75578564
112,2012,0.6154088,0.75578564
112,2014,0.8332734,1.1384195
112,2015,0.6154088,0.75578564
112,2016,-0.10272027,1.0210589
112,2017,0.24775757,1.0354226
112,2018,0.15870342,0.91323096
112,2019,0.26406628,1.1712189
112,2020,0.2752653,1.1869124
112,2021,0.78578854,1.2221745
112,2022,0.3373023,0.8946107
112,2023,0.10634484,1.0590348
112,2025,0.6154088,0.75578564
112,2026,1.4485607,0.97020024
112,2027,0.6154088,0.75578564
112,2028,0.72898936,1.06384
112,2029,1.0871956,0.9668999
112,2030,1.0414672,1.1121132
112,2031,1.1582212,1.0668632
112,2032,-0.49888575,0.5762657
112,2033,-0.49888575,0.5762657
112,2034,-0.49888575,0.5762657
112,2037,-0.49888575,0.5762657
112,2038,1.2015471,1.2471563
112,2039,0.7493364,1.1415697
112,2040,0.46340823,1.215316
111,1973,1.8033584,2.0580366
111,1974,-1.2879976,0.27403045
111,1975,0.013050165,1.6811017
111,1976,1.5073848,0.71932894
111,1977,0.7084766,0.7784284
111,1978,0.77519584,0.7049174
111,1979,0.6382882,1.4791391
111,1981,-0.51870704,0.5161305
111,1982,0.2914289,1.9014199
111,1983,0.4207957,0.6443103
111,1984,-1.3509824,0.9027203
111,1985,0.4490193,0.9899176
111,1986,0.81063116,0.7221207
111,1987,1.088728,1.3319169
111,1988,-2.2291663,-0.0984984
111,1989,0.18365362,0.6546449
111,1990,-0.6069964,0.48180544
111,1992,0.053764876,0.7753236
111,1993,0.13152039,0.8192181
111,1994,0.14933388,0.88778466
111,1995,-1.6743594,0.59881896
111,1996,0.82443035,0.49699855
111,1997,0.8515535,0.54034764
111,1998,-1.2233198,1.533644
111,1999,-0.8572179,0.53122586
111,2000,0.11855767,0.31205267
111,2001,0.6723887,1.1169039
111,2003,1.4703659,1.0668411
111,2004,0.4976922,0.2965222
111,2005,0.18538962,1.2328364
111,2006,0.64688265,0.40115118
181,4613,1.2934183,1.2320687
181,4616,0.89393866,0.9326344
181,4620,-0.89814246,0.36766186
181,4621,0.6593307,1.13613
181,4625,-0.105676346,0.69549745
181,4627,-0.9398095,0.52517056
181,4631,-1.5071919,-0.05033613
181,4634,-1.3895024,0.12370912
181,4635,0.48929825,1.1696349
181,4639,0.6680556,1.0990478
181,4640,-0.84330827,0.54977936
181,4612,1.3476487,0.9463673
181,4614,0.28740808,0.8134988
181,4615,0.41658634,1.0566036
181,4617,-0.08613668,1.8749313
181,4618,0.7477366,0.79099804
181,4619,1.3519077,1.1714369
181,4622,-0.031658683,0.7857794
181,4623,-0.47721896,0.42273113
181,4624,0.25561476,1.2430131
181,4626,-0.67052114,0.29776943
181,4628,-0.16000944,0.8513269
181,4629,-0.36735293,0.5081962
181,4632,-0.10627986,0.73816115
181,4633,-0.41484427,0.45889822
181,4636,-0.04904333,0.6475987
181,4637,-0.46172217,0.56008714
181,4638,0.09609888,0.7454713
136,3194,-0.42131552,1.046571
136,3195,0.3371668,0.5963272
136,3197,-1.2837191,0.70129925
136,3198,-1.1380752,1.2125274
136,3199,-0.45310527,0.64469194
136,3200,0.87831205,0.5352044
136,3201,-0.38447517,0.94361055
136,3202,0.87366885,0.64601946
136,3203,-0.982331,0.91334265
136,3204,-0.60092545,0.8173375
136,3205,-1.078335,1.014992
136,3206,-1.6725276,0.7004414
136,3208,-0.97320753,0.5251166
136,3209,-1.3682071,0.45327473
136,3210,-1.3068013,0.6845553
136,3211,-1.3112639,0.808433
136,3212,-0.908724,0.033103883
136,3213,0.9385141,0.41481984
136,3214,1.1573796,0.29683053
136,3215,0.0443991,0.5190801
136,3216,0.84741473,0.7376688
136,3217,-1.1215172,1.2233309
136,3425,0.6960081,0.2783332
136,3426,-1.3162247,0.26426825
136,3427,-1.0733876,0.18594676
136,3428,0.5390571,0.49944264
136,3429,-0.9515005,1.4800004
136,3430,-0.06590539,0.51518697
136,3431,-0.94923306,0.82561046
136,3432,-0.8141911,0.59299046
100,1404,0.8610804,0.8930125
100,1405,0.71659935,1.1523695
100,1406,1.1605643,0.7422723
100,1407,1.2622359,0.9936376
100,1408,0.6006498,0.87073046
100,1409,0.7359685,0.6342393
100,1419,0.6105741,0.8208582
100,1420,-1.1473224,0.09698392
100,1421,1.0286528,0.7233347
100,1422,0.19293937,0.81490666
100,1423,-1.3617685,0.04893396
100,1424,1.2839041,1.0429883
100,1425,-1.1818521,0.29880452
100,1426,-0.93375903,0.13825947
100,1427,-1.3489317,0.10034119
100,1428,1.2905967,1.4109735
100,1429,1.1868819,0.8787803
100,1430,0.32655618,0.9770768
100,1431,-1.3438053,0.24795301
143,3608,1.2074239,0.79443103
143,3609,1.096104,1.1377591
143,3610,0.927404,0.562654
143,3611,1.089779,0.602253
143,3612,0.83796585,0.63403326
143,3613,1.1650138,0.7450245
143,3614,1.2058183,0.38093793
143,3615,1.6875701,1.2145901
143,3616,2.0421638,0.6123789
143,3618,0.31244287,0.86426675
143,3619,-0.23519808,0.85297924
143,3620,1.184398,0.6824726
143,3621,1.2652464,0.4914671
143,3622,0.649981,1.1237881
143,3623,0.80955076,1.0103587
143,3624,1.2285426,0.6757409
143,3625,1.8582928,0.88798594
143,3626,0.89005196,0.913124
143,3627,1.2402132,0.6445945
143,3629,1.0922122,1.2795748
143,3630,1.5863361,0.41055113
143,3631,0.96560764,1.0267743
143,3632,1.133878,0.6665017
143,3633,1.7453587,0.9233977
143,3634,1.638927,0.96289104
143,3635,1.0177518,0.7784824
143,3636,1.1582313,0.6643144
143,3637,1.4016621,1.1324692
143,3638,0.65176624,0.95073867
143,3640,1.006907,0.8523837
143,3641,0.9456893,0.86420166
143,3642,0.26205948,1.2715108
143,3643,1.1158919,1.7727584
92,690,-0.69824624,0.5231027
92,694,-0.8262328,0.72973967
92,695,-0.8504071,0.94483143
92,696,0.80419624,0.41073197
92,697,-0.85032564,0.13644221
92,698,-0.5674722,1.0908936
92,699,0.34143275,1.231982
92,709,1.2012922,0.14753415
92,711,0.16082442,0.5822773
92,712,1.2832934,0.17997573
92,713,1.8254077,0.9074198
92,714,0.9471799,0.4172222
92,689,-0.16329543,1.2471374
92,691,0.054904763,0.55853176
92,692,0.60699797,0.32244208
92,693,0.14189288,0.7765451
92,700,-0.12493376,0.7386419
92,701,-0.19663137,0.5899659
92,702,-1.4726783,0.14114434
92,703,-1.3863549,0.15700068
92,704,-0.8454037,0.5474107
92,705,0.72799385,0.3415484
92,706,1.1556382,0.22493151
92,707,1.1334028,0.75756985
92,708,0.31746346,1.3270483
92,710,1.3443662,0.3667931
92,715,1.4074304,0.28941357
104,1565,1.122644,0.860138
104,1566,1.0969156,1.1463652
104,1567,0.46716234,0.56453365
104,1568,-0.12825361,1.1734842
104,1569,-0.007728104,0.90073484
104,1571,-0.60654736,1.0213939
104,1572,-0.97252345,0.72800785
104,1573,0.28495994,1.1912421
104,1574,0.2430494,0.41675502
104,1575,-0.15220785,0.3430153
104,1576,0.0012969035,1.2379782
104,1577,0.7868619,0.5884761
104,1578,0.13426742,0.79371816
104,1579,0.14044069,0.4228529
104,1580,0.3711048,0.81107944
104,1582,1.7630322,0.5561761
104,1583,0.41727442,0.74501294
104,1584,0.5247571,0.5970226
104,1585,0.52430475,0.5123777
104,1586,0.34138364,0.6328848
104,1587,0.83272403,0.5466197
104,1588,0.81535214,1.2702329
104,1589,-0.88737863,0.07287061
104,1590,1.0993793,0.55975205
104,1591,-0.60413855,0.28239393
104,1593,-0.97454286,0.17807536
104,1594,-0.2343491,0.123110354
104,1595,1.1038615,0.3709537
104,1771,1.2540278,0.9678003
104,1772,0.6603831,0.73651415
132,3066,-0.7395616,0.48386788
132,3067,-0.53417206,1.1587664
132,3068,0.9010956,0.5131312
132,3071,-0.25730246,0.21746118
132,3072,-0.22367844,0.8940267
132,3076,-1.3643267,0.19746031
132,3082,-0.9121083,0.8557396
132,3084,-1.2517959,0.14091893
132,3085,-1.2597473,0.15112264
132,3086,0.5271507,0.404715
132,3087,-0.2527676,0.5365619
132,3088,-0.50621575,0.38746062
132,3092,-0.967679,0.089283235
132,3095,0.57235223,0.88982964
132,3096,-0.94984376,0.09411307
132,3070,0.1365774,1.3715048
132,3073,1.1482059,1.569801
132,3074,-0.82323706,0.7458102
132,3075,0.64793706,0.40846854
132,3077,-0.88313305,0.78697854
132,3078,-0.83568347,1.3648738
132,3079,-0.88214594,1.3406162
132,3081,-0.88313305,0.78697854
132,3083,-1.1638217,0.51753503
132,3089,1.7895287,0.98991805
132,3090,-1.0250881,0.5374218
132,3093,1.382113,0.25611752
132,3094,-1.0667324,0.77066535
132,3097,-0.87841684,1.0273969
156,3962,1.5288999,-0.025564203
156,3968,1.4446087,0.11766048
156,3969,1.1273537,1.1796541
156,3970,-0.6746695,0.5567321
156,3974,1.0953922,0.52636224
156,3975,0.5839572,0.5858682
156,3976,1.0722386,0.779355
156,3977,-1.5216023,1.0787817
156,3978,1.3036506,0.9584631
156,3980,-0.06883219,0.5903898
156,3981,1.5447204,0.13184822
156,3983,1.1730506,0.6658663
156,3985,1.2715874,0.89435726
156,3987,0.94005734,0.6179697
156,3996,0.18485586,0.86239666
156,3998,0.14468527,0.4270769
156,3963,-0.59827816,1.0156773
156,3964,1.3726175,0.64031667
156,3965,0.3173822,0.4216438
156,3966,0.88307124,0.50207525
156,3967,-0.35770017,0.6360806
156,3971,0.6324288,0.26488864
156,3972,1.1661239,0.481
156,3973,1.643878,0.47935778
156,3979,1.4050115,0.5405839
156,3982,1.3184754,0.13585383
156,3984,0.8036771,1.4584109
156,3986,-0.9831147,0.32892278
156,3997,1.0942028,0.3276512
157,3999,-1.2110734,1.320136
157,4000,-0.6674335,0.991373
157,4001,-1.7424586,-0.069872595
157,4002,1.8845245,0.90787995
157,4003,-1.2570264,0.14791651
157,4004,0.963717,1.5898184
157,4005,0.8373364,1.4920056
157,4006,1.3738452,0.33335984
157,4007,0.8318049,0.9023896
157,4008,1.1889806,1.0006285
157,4009,-1.0876443,0.9954606
157,4010,-0.011562228,0.78081673
157,4011,-0.5417148,0.59563076
157,4012,-1.3836836,0.12620099
157,4013,-1.1187868,1.0719663
157,4014,1.1885405,1.5167749
157,4015,-0.8017942,0.3026396
157,4017,1.7403936,1.2508935
157,4018,-1.1809226,0.079885244
157,4019,-0.82161605,1.202016
157,4020,1.2177783,0.3447541
157,4021,1.5364575,1.236199
157,4022,0.048876535,1.7201118
84,207,0.47494233,1.0398637
84,208,0.72400856,0.656977
84,209,-0.026048254,1.2533556
84,210,0.020571467,1.0355412
84,211,0.5364708,0.8230869
84,212,0.81627476,1.1768774
84,214,0.20182738,1.0587703
84,219,0.8100167,0.6828132
84,220,1.2099217,0.7008273
84,221,0.8131107,1.2015762
84,222,1.0608451,0.8340464
84,224,0.2626356,1.3761181
84,225,0.36543405,0.99526584
84,233,0.58780867,1.353537
84,235,-0.07125238,0.1457885
84,236,0.9486112,0.18808241
84,237,1.5283108,0.84232956
84,239,0.8069271,0.33700198
84,213,0.87923837,1.6479521
84,215,0.83356947,0.19837807
84,217,-0.25851604,1.4737258
84,218,0.32712328,2.0417876
84,223,1.0069721,1.5085573
84,226,0.633722,1.748262
84,228,0.85331655,1.6870165
84,229,1.2637434,0.36405307
84,230,0.9847176,1.6297112
84,231,0.66505796,1.6513785
84,232,0.8286615,1.7356776
84,234,1.4697522,0.48429418
165,4205,-0.14723688,0.35054666
165,4206,1.2672908,0.78124684
165,4207,0.20272721,0.91301113
165,4208,-1.4415505,0.29726902
165,4215,1.0187719,1.4399818
165,4218,1.256061,0.7882913
165,4220,0.8345601,0.33761278
165,4223,0.9088503,0.65062124
165,4224,-1.2587816,0.40748486
165,4209,1.070645,1.2607716
165,4210,1.1195937,1.1340774
165,4211,0.24785282,1.2301134
165,4212,0.6514657,0.5576226
165,4213,1.1617221,1.4820863
165,4214,0.37862244,1.4503269
165,4216,0.6104614,0.80995184
165,4217,0.8191771,1.4308094
165,4219,1.1026022,1.2128423
165,4221,1.0757521,1.0436622
165,4222,0.98114264,1.0497593
165,4225,-0.6664494,0.36688292
130,3018,-0.70478475,0.7239822
130,3019,0.40336624,1.227406
130,3020,-0.3368011,0.7983473
130,3021,0.7174462,1.5239937
130,3022,-0.7869054,0.5139043
130,3023,-0.27270028,1.3474559
130,3024,-1.2653706,0.5398722
130,3026,-0.94725406,0.533928
130,3027,-1.8823518,0.6892093
130,3028,-0.9844594,0.4686055
130,3029,-1.0444922,0.75835836
130,3030,-1.126087,0.34793943
130,3031,0.77049285,1.0993448
130,3032,-0.65609384,0.87049794
130,3033,-0.4719748,0.65896165
130,3034,-0.952349,0.78824776
130,3035,-1.8908687,0.90401834
130,3038,-0.22962959,0.991357
130,3039,0.5572175,0.70594084
130,3040,-1.0471406,1.1026222
130,3041,-1.4628768,-0.046010368
130,3042,-0.9667158,1.1602061
159,4062,1.2829918,1.3303397
159,4063,-0.16378129,1.1061583
159,4064,-0.0013556187,1.0992235
159,4068,-0.7436477,1.0187283
159,4069,1.3041582,1.1829475
159,4065,-0.08455885,0.5309554
159,4066,-0.8977705,0.37237978
159,4067,-0.2001621,0.6316268
159,4070,-0.8051392,0.38934553
159,4071,-1.1123598,0.17575462
159,4072,-0.79353017,0.5446456
159,4073,-0.56990397,1.6147912
159,4074,-0.66832316,0.28620028
159,4075,-0.50701976,0.48462132
159,4076,-1.0574,0.09430325
159,4078,0.0528162,0.8575286
175,4477,0.39556336,0.8087799
175,4478,-0.1066319,0.22005396
175,4479,1.1727687,0.6525904
175,4480,0.8056856,0.12103422
175,4484,-0.505174,1.3987398
175,4485,0.08087542,1.1349773
175,4486,0.20891145,0.7800433
175,4492,0.70028174,0.29633212
175,4495,1.0392942,0.6786567
175,4476,-0.2702843,0.95111537
175,4481,0.17567132,1.3041162
175,4482,-1.147955,0.120905705
175,4483,-1.1351678,0.690692
175,4487,0.11744552,0.77354294
175,4488,-1.053265,1.1384784
175,4489,-0.42850852,0.57900363
175,4490,-0.3333683,0.797646
175,4491,0.19006512,0.60829824
175,4493,1.0187562,0.6821858
175,4494,-0.7428543,0.551094
129,2989,0.24885727,0.95773953
129,2990,0.794894,0.4053646
129,2991,0.6778796,0.8251922
129,2993,-1.5274911,0.04928115
129,2994,-0.32854962,0.41901803
129,2995,0.606639,0.5793729
129,2996,1.1097078,0.34329608
129,2997,-0.15866211,0.60119706
129,2998,-1.011017,0.17812483
129,2999,0.79229325,0.40318227
129,3000,-1.2222574,-0.011771912
129,3001,0.28501934,0.918413
129,3002,0.06695794,-0.21992035
129,3004,-0.9223498,0.13879989
129,3005,-1.3894775,0.083239414
129,3006,1.0424942,1.0275184
129,3007,1.106508,0.3465559
129,3008,1.7353029,0.740078
129,3009,-1.0932401,0.1252274
129,3010,0.1230388,0.46672237
129,3011,0.09441473,0.13401157
129,3012,-0.6395234,0.046178512
129,3013,-0.97582287,0.12334961
129,3015,1.0158726,0.5613422
129,3016,-0.32527998,0.15993418
129,3017,-1.468299,0.09912848
65,4744,-0.96793723,0.54241455
65,4745,1.1127087,0.4173246
65,4746,1.0706153,1.5886089
65,4747,-0.35576367,0.8135691
65,4748,-0.39765942,0.31823245
65,4749,-1.0038456,0.31770587
65,4751,0.8594347,0.9718053
65,4752,1.1002021,1.329944
65,4753,0.3324405,1.541319
65,4754,1.3630236,1.7432606
65,4755,1.0498301,0.7513714
65,4756,0.5555534,1.2794564
65,4757,0.180711,-0.11826743
65,4758,1.0602617,1.021094
65,4759,1.3679795,0.7345144
65,4760,1.4647064,1.049487
102,1453,-1.7905098,-0.021194564
102,1454,0.2793913,0.771321
102,1455,0.24609603,0.87911624
102,1456,-1.3628552,0.3249401
102,1457,-1.0075779,0.63737875
102,1458,0.29215342,0.8425903
102,1459,-0.971863,0.2075567
102,1460,-0.7921245,1.611513
102,1461,0.05010895,0.53617364
102,1462,-0.3431512,1.0219551
102,1463,-0.11435837,1.0254233
102,1464,-1.6060977,0.04292763
102,1465,-0.34952837,1.1160985
102,1466,-1.0631182,0.8459636
102,1467,0.09258974,0.20545666
102,1468,-0.011725258,0.9938979
102,1469,0.827685,0.83827543
102,1470,0.74085695,0.7583925
102,1471,-1.2389767,0.18460612
102,1472,-0.49089205,0.36543468
102,1473,0.002357054,1.6119858
102,1474,0.21314985,1.4935936
102,1475,-1.5973966,0.053508572
102,1476,-1.1507714,0.6130129
102,1478,-0.9654454,0.12481653
102,1479,0.022762418,0.94798404
102,1480,-0.87899977,0.5885777
102,1481,-0.99577844,-0.16697928
102,1482,-1.1193482,-0.018169569
102,1483,-0.055484276,0.6713789
149,3792,0.5622885,0.8108336
149,3794,0.28018174,0.94860286
149,3795,-0.9517517,0.3764832
149,3797,0.7361585,0.17017485
149,3798,0.11669862,1.1810162
149,3800,1.0637984,0.40561312
149,3803,-0.3390714,0.9878759
149,3805,-0.26837844,1.5505077
149,3806,0.66905606,0.76960474
149,3807,0.65774906,0.897238
149,3808,1.321707,0.7651676
149,3809,0.9876926,0.7520622
149,3812,-0.8549539,0.6803838
149,3793,-0.5875002,0.5151029
149,3796,0.44026655,1.1866487
149,3799,0.968434,0.59958667
149,3801,-1.0769601,0.6132047
149,3802,1.4604414,0.91600853
149,3804,1.5538704,1.2207658
149,3810,-0.59581506,0.6689369
149,3811,-0.33197784,0.96799684
149,3813,0.60213125,0.91834664
154,3914,1.1977799,0.86366326
154,3915,0.49594986,1.1657041
154,3919,-0.19806191,1.0278955
154,3920,-0.22332585,0.5729368
154,3921,0.057296123,0.7102661
154,3924,1.489012,1.191692
154,3926,1.2269013,1.1495323
154,3927,1.3754965,1.2409617
154,3930,0.9141449,1.4418123
154,3932,-0.53007084,1.1922448
154,3933,1.1228292,1.1052631
154,3934,1.0492923,0.47236633
154,3935,-1.7545608,0.021108044
154,3936,0.6840909,1.0429786
154,3937,0.5459879,0.56965214
154,3916,0.7674595,1.1101848
154,3917,-0.19372618,1.0111158
154,3918,1.0030738,1.3112217
154,3922,1.4739715,0.28140804
154,3923,-0.97815055,0.21721302
154,3925,1.1792126,0.8232076
154,3928,0.8180618,0.5022003
154,3929,0.5353044,0.72660226
154,3931,0.6656775,0.7723921
101,1432,1.1850041,0.4618424
101,1433,0.98901916,0.8799277
101,1434,0.85039103,1.1346633
101,1435,0.21007495,1.1340336
101,1436,-1.9114219,1.084714
101,1437,0.5251778,0.48743895
101,1438,-0.015500981,0.34282959
101,1439,-0.03769702,-0.004263671
101,1440,0.029410414,0.578132
101,1441,0.30270028,0.17575431
101,1442,0.9172862,0.7655396
101,1443,1.5622076,0.5683372
101,1444,0.163261,0.25732517
101,1445,1.3965641,0.40783098
101,1446,1.1296325,0.51401293
101,1447,1.1296325,0.51401293
101,1448,-1.490102,0.034173578
101,1449,1.1255307,0.5701743
101,1450,1.2070887,0.86116886
101,1451,0.6774737,0.9255416
101,1452,1.4972119,0.7179617
160,4079,1.0187747,0.92057
160,4080,0.8931207,0.94629997
160,4081,0.290662,0.52423215
160,4086,1.3741803,1.2043763
160,4087,1.1793745,1.2068007
160,4088,0.16458063,0.7208254
160,4089,0.41968954,1.5175421
160,4090,0.7737823,1.2527403
160,4093,0.62120014,0.8842806
160,4095,0.71473765,0.46483392
160,4096,1.0055199,0.6816688
160,4082,1.3618182,0.34247476
160,4083,0.77774173,1.2035612
160,4084,1.0543438,0.95905787
160,4085,1.4541953,0.6337384
160,4091,-0.71160114,0.23420687
160,4092,1.522155,1.4311363
160,4094,1.471002,1.1252304
160,4097,1.4022375,0.8946571
151,3843,0.48235714,1.347698
151,3844,1.1756945,0.35340017
151,3845,-0.22014406,0.4411301
151,3846,0.13874352,1.0075439
151,3847,-0.07264491,0.5941266
151,3848,-1.0253886,0.1279712
151,3849,0.483999,0.6509906
151,3850,0.51987386,0.6633547
151,3851,0.43029946,1.049817
151,3852,-1.2176564,0.16198538
151,3853,-0.775226,0.56646514
151,3854,-0.24214908,0.9883392
151,3855,1.6906081,0.7163543
151,3856,-0.36542565,0.97258633
151,3857,0.9508437,1.0466368
151,3858,1.1571766,1.5138222
151,3859,-0.34185016,1.4671656
151,3860,0.38185868,1.5866282
151,3861,-1.4697435,0.104068056
151,3862,-1.2189587,0.2820813
151,3863,0.7105352,0.5789313
151,3864,-0.10980926,1.0467467
151,3865,-0.84594387,0.41067147
151,3866,-0.41923177,1.0628239
151,3867,0.21638533,0.32355887
151,3868,1.0538607,0.2670605
177,4502,1.002416,1.2509171
177,4508,1.823592,1.2280997
177,4511,0.340598,0.48933202
177,4512,0.9617213,1.1456348
177,4503,1.1339653,0.82448566
177,4504,0.35066527,0.6137737
177,4505,1.3929691,0.5710351
177,4506,1.027933,1.2023059
177,4507,0.95882016,0.6309986
177,4509,0.59635705,1.550037
177,4510,1.0202192,1.0427005
117,2417,0.93017846,0.9421622
117,2419,0.8727505,0.8494594
117,2420,0.68441904,0.45636672
117,2421,0.032619532,0.8435114
117,2422,0.5597328,0.79358214
117,2424,-0.87168854,0.21520235
117,2429,1.4937351,0.6524133
117,2418,1.0042425,0.76999164
117,2423,1.4102889,0.9582518
117,2425,1.191473,0.9026199
117,2427,1.2994859,0.6124777
117,2428,0.95239663,0.87697107
117,2430,1.1141661,0.8222262
22,1328,-1.2523463,0.8028424
22,1329,-0.7808217,1.0701531
22,1330,-1.048342,0.96081877
22,1331,-1.6539975,0.23722486
22,1332,1.199004,0.6976617
22,1327,-0.7830011,0.8271659
82,5268,-1.1042224,0.6916384
82,5272,-0.7170313,0.39049438
82,5273,0.34017095,0.8015885
82,5267,-0.79098284,1.6324563
82,5269,-1.6808676,1.0834854
82,5270,-1.6620672,0.7049121
82,5271,0.42686433,0.48385
82,5274,0.17234248,1.0372097
123,2614,1.1597403,0.8234323
123,2615,-0.033664312,0.70626926
123,2616,0.14205079,0.583695
123,2618,-1.1830924,0.10278816
123,2619,-0.5564128,0.69856507
123,2620,-1.0372646,1.0399405
123,2622,-0.0066964147,0.67470735
123,2626,-0.20800139,0.93950886
123,2617,1.3586438,0.88826835
123,2623,-0.20224634,0.47650993
123,2624,1.0387737,1.5013002
123,2625,-0.46175635,0.9031118
69,4835,-1.0672126,0.8308045
69,4836,0.85489845,1.6286273
69,4837,-1.1948485,1.0701878
69,4838,1.5400276,1.3181174
55,4327,1.2544473,0.45969635
55,4428,1.250947,0.5402927
55,4473,0.9474128,0.74986315
55,4527,-0.24473691,0.46777332
9,390,0.7373492,0.5722135
9,391,1.0047934,0.5755481
9,392,0.23907281,1.0108377
9,393,1.1773456,0.44752568
9,394,1.6509552,0.84591556
12,575,-0.65742576,0.9639485
12,576,1.3972158,1.387266
12,577,1.1435232,0.9182994
13,607,-0.45742527,0.5528594
13,608,-1.1909629,0.37210247
13,609,0.456779,-0.033012204
13,610,-0.8629382,0.46332946
13,611,0.89967644,0.5854816
13,612,-1.0418816,0.57210964
13,613,-0.18887237,1.2591697
13,614,0.23121536,1.1914238
13,615,0.628803,1.0429479
13,616,-0.48965156,0.28902438
13,617,0.52175623,0.77909005
13,618,-0.023901824,0.9494953
37,2548,0.34133372,1.0046234
37,2549,0.59793115,0.624902
37,2550,-0.22387657,0.45195445
37,2551,0.8793657,1.1407531
37,2552,0.5714364,0.85705465
37,2553,-1.3119955,0.18187054
37,2554,-0.7207273,0.22934861
37,2555,-0.0011276272,0.6092373
37,2556,-1.0409497,-0.1773734
37,2557,0.7977606,0.8179264
37,2558,-0.6391026,0.47737432
37,2559,-0.38086465,0.0322109
37,2560,1.2364547,0.9545781
37,2561,-0.8249944,0.22366747
37,2562,-0.9885663,0.31344807
37,2563,-0.08864245,1.153267
37,2564,0.895423,0.8547545
37,2565,0.8289597,0.72883517
48,4821,-1.0446252,0.7456638
48,4822,0.6280201,0.95828587
48,4823,-0.92001307,0.8760265
5,290,-0.5198024,0.49105898
5,291,-0.36774302,1.1126664
5,292,0.020454448,0.5072941
5,293,-0.9181041,0.25351515
5,294,-0.9050814,0.12991731
5,295,-0.83358735,1.0183576
5,296,-1.4490142,0.24093841
5,297,0.8778418,1.7966304
5,298,-1.3714352,0.10197413
5,299,-0.049949694,1.4590944
5,300,-1.11048,0.72437304
5,301,-0.6509559,0.08920104
